"","Site","Year","Subtype","OBJECTID","Issue","Issue_Desc","Issue_LocationOrFeature","Severity","InvSpecies_1","Percent_CoverAffected_1","InvSpecies_2","Percent_CoverAffected_2","InvSpecies_3","Percent_CoverAffected_3","InvSpecies_4","Percent_CoverAffected_4","InvSpecies_5","Percent_CoverAffected_5","Mature","Percent_CoverAffected_Veg","Treated","Resolved","FollowUpReq","Visibility_STEW","Visibility_MON","Monitoring_Report","Area_FtSq","Length_Ft","Subtype.y","TreatDate","Treat_Desc","Contractor","NumTreatDays","Treat_Method_1","Chemical_1","Treat_Method_2","Chemical_2","Adjuvant","Inspection","InspDate","Percent_CntrlEffective_","CreationDate.Mgmt","Creator.Mgmt","EditDate.Mgmt","Editor.Mgmt","Percent_CoverAffected","Extent","Lead_Steward","GlobalID","CreationDate.Issue","Creator.Issue","EditDate.Issue","Editor.Issue"
"1","Reedy Creek",2023,"Beaver Dam",981,NA,NA,NA,"High",NA,NA,NA,NA,NA,NA,NA,NA,NA,NA,NA,NA,"No","No","Yes","Yes","Yes",NA,NA,NA,NA,NA,NA,NA,NA,NA,NA,NA,NA,NA,NA,NA,NA,NA,NA,NA,NA,NA,NA,"Sam","{d4eebd3b-c35f-4ae7-a8bd-bcdb353ba284}",4590843-06-10 20:00:00,"skirk1",4590843-06-10 20:00:00,"skirk1"
"2","Reedy Creek",2023,"Failed Structure",951,"Other","Debris Jam",NA,NA,NA,NA,NA,NA,NA,NA,NA,NA,NA,NA,NA,NA,"No","No","Yes","Yes","Yes",NA,NA,NA,NA,NA,NA,NA,NA,NA,NA,NA,NA,NA,NA,NA,NA,NA,NA,NA,NA,NA,NA,"Sam","{a4d37d17-809e-4fd3-811e-49b7a583ee99}",4586794-03-22 20:00:00,"skirk1",4586794-03-22 20:00:00,"skirk1"
"3","Reedy Creek",2023,"Failed Structure",952,"Erosion/Scoured",NA,NA,NA,NA,NA,NA,NA,NA,NA,NA,NA,NA,NA,NA,NA,"No","No","Yes","Yes","Yes",NA,NA,NA,NA,NA,NA,NA,NA,NA,NA,NA,NA,NA,NA,NA,NA,NA,NA,NA,NA,NA,NA,"Sam","{69ed5795-a1a8-4238-8dc9-fe4a67ada4f8}",4586805-09-29 20:00:00,"skirk1",4586805-09-29 20:00:00,"skirk1"
"4","Reedy Creek",2023,"Weed Occurrence",953,NA,NA,NA,NA,"Kudzu","<1%",NA,NA,NA,NA,NA,NA,NA,NA,NA,NA,"No","No","Yes","Yes","Yes",NA,NA,NA,NA,NA,NA,NA,NA,NA,NA,NA,NA,NA,NA,NA,NA,NA,NA,NA,NA,NA,NA,"Sam","{e71c5de0-870e-4152-97f0-f66f76a76667}",4586806-05-20 20:00:00,"skirk1",4586806-05-20 20:00:00,"skirk1"
"5","Reedy Creek",2023,"Weed Occurrence",954,NA,NA,NA,NA,"Kudzu","<1%",NA,NA,NA,NA,NA,NA,NA,NA,NA,NA,"No","No","Yes","Yes","Yes",NA,NA,NA,NA,NA,NA,NA,NA,NA,NA,NA,NA,NA,NA,NA,NA,NA,NA,NA,NA,NA,NA,"Sam","{0f420f51-3a6a-40f9-a06f-1a4a7ef7ec3f}",4586835-05-17 20:00:00,"skirk1",4586835-05-17 20:00:00,"skirk1"
"6","Reedy Creek",2022,"CE Encroachment",849,NA,"Clearing for sewer line",NA,"High",NA,NA,NA,NA,NA,NA,NA,NA,NA,NA,NA,NA,"No","No","Yes","Yes","Yes",NA,244.496032714844,65.309473879301,NA,NA,NA,NA,NA,NA,NA,NA,NA,NA,NA,NA,NA,NA,NA,NA,NA,NA,NA,"Sam","{1ca81cc1-24ab-4851-964c-a2dd9cdf291b}",4582373-04-23 20:00:00,"lcostes",4582373-04-23 20:00:00,"lcostes"
"7","Reedy Creek",2022,"Failed Structure",321,NA,"Bank scour ",NA,"Medium",NA,NA,NA,NA,NA,NA,NA,NA,NA,NA,NA,NA,"No","No","Yes","Yes","Yes",NA,NA,NA,NA,NA,NA,NA,NA,NA,NA,NA,NA,NA,NA,NA,NA,NA,NA,NA,NA,NA,NA,"Sam","{033828d3-51fc-41af-a53e-fe97fad8cd6e}",4582373-03-18 20:00:00,"lcostes",4582373-03-18 20:00:00,"lcostes"
"8","Reedy Creek",2022,"In-Stream Vegetation",715,NA,"Cattails",NA,"Low",NA,NA,NA,NA,NA,NA,NA,NA,NA,NA,NA,NA,"No","No","Yes","Yes","Yes",NA,NA,24.5499288046397,NA,NA,NA,NA,NA,NA,NA,NA,NA,NA,NA,NA,NA,NA,NA,NA,NA,"6-25%",NA,"Sam","{3d1cff70-c814-4237-b5b7-f422da60f002}",4582373-04-08 20:00:00,"lcostes",4582373-04-08 20:00:00,"lcostes"
"9","Reedy Creek",2022,"Misc",716,NA,"Foot trail from Hodges through Easement ",NA,"Low",NA,NA,NA,NA,NA,NA,NA,NA,NA,NA,NA,NA,"No","No","Yes","Yes","Yes",NA,NA,144.900607452662,NA,NA,NA,NA,NA,NA,NA,NA,NA,NA,NA,NA,NA,NA,NA,NA,NA,NA,NA,"Sam","{7a71f786-39fc-417e-847c-79867edee2a4}",4582373-04-08 20:00:00,"lcostes",4582373-04-08 20:00:00,"lcostes"
"10","Reedy Creek",2022,"Misc",323,NA,"Downed tree across channel",NA,"Low",NA,NA,NA,NA,NA,NA,NA,NA,NA,NA,NA,NA,"No","No","Yes","Yes","Yes",NA,NA,NA,NA,NA,NA,NA,NA,NA,NA,NA,NA,NA,NA,NA,NA,NA,NA,NA,NA,NA,NA,"Sam","{d9806054-c365-450b-96de-e761d3743bb9}",4582373-03-18 20:00:00,"lcostes",4582373-03-18 20:00:00,"lcostes"
"11","Reedy Creek",2022,"Misc",324,NA,"Multiple downed trees across channel ",NA,"Low",NA,NA,NA,NA,NA,NA,NA,NA,NA,NA,NA,NA,"No","No","Yes","Yes","Yes",NA,NA,NA,NA,NA,NA,NA,NA,NA,NA,NA,NA,NA,NA,NA,NA,NA,NA,NA,NA,NA,NA,"Sam","{170163ba-3aa6-432c-8576-987a86eefcee}",4582373-03-18 20:00:00,"lcostes",4582373-03-18 20:00:00,"lcostes"
"12","Reedy Creek",2022,"Misc",325,NA,"Downed tree across channel ",NA,"Low",NA,NA,NA,NA,NA,NA,NA,NA,NA,NA,NA,NA,"No","No","Yes","Yes","Yes",NA,NA,NA,NA,NA,NA,NA,NA,NA,NA,NA,NA,NA,NA,NA,NA,NA,NA,NA,NA,NA,NA,"Sam","{93099f15-5827-4ff0-acdd-f4fd4fbd0049}",4582373-03-18 20:00:00,"lcostes",4582373-03-18 20:00:00,"lcostes"
"13","Reedy Creek",2022,"Misc",330,NA,"No livestaking above this point ",NA,"Low",NA,NA,NA,NA,NA,NA,NA,NA,NA,NA,NA,NA,"No","No","No","Yes","Yes",NA,NA,NA,NA,NA,NA,NA,NA,NA,NA,NA,NA,NA,NA,NA,NA,NA,NA,NA,NA,NA,NA,"Sam","{577bd639-dcdc-4269-83cf-aa7f69f87efa}",4582373-03-18 20:00:00,"lcostes",4582373-03-18 20:00:00,"lcostes"
"14","Reedy Creek",2022,"Needs Livestakes",658,NA,NA,NA,"Low",NA,NA,NA,NA,NA,NA,NA,NA,NA,NA,NA,NA,"No","No","Yes","Yes","Yes",NA,NA,57.9769217959036,NA,NA,NA,NA,NA,NA,NA,NA,NA,NA,NA,NA,NA,NA,NA,NA,NA,NA,NA,"Sam","{37386700-baa1-4354-86ca-31769cc450da}",4582373-04-08 20:00:00,"lcostes",4582373-04-08 20:00:00,"lcostes"
"15","Reedy Creek",2022,"Needs Livestakes",659,NA,NA,NA,"Low",NA,NA,NA,NA,NA,NA,NA,NA,NA,NA,NA,NA,"No","No","Yes","Yes","Yes",NA,NA,52.615894024228,NA,NA,NA,NA,NA,NA,NA,NA,NA,NA,NA,NA,NA,NA,NA,NA,NA,NA,NA,"Sam","{2afda069-e64c-4cba-9575-0dd5c422f0b9}",4582373-04-08 20:00:00,"lcostes",4582373-04-08 20:00:00,"lcostes"
"16","Reedy Creek",2022,"Needs Livestakes",660,NA,NA,NA,"Low",NA,NA,NA,NA,NA,NA,NA,NA,NA,NA,NA,NA,"No","No","Yes","Yes","Yes",NA,NA,48.7708327952361,NA,NA,NA,NA,NA,NA,NA,NA,NA,NA,NA,NA,NA,NA,NA,NA,NA,NA,NA,"Sam","{2f105494-6f7f-4bdd-9880-4387461139b0}",4582373-04-08 20:00:00,"lcostes",4582373-04-08 20:00:00,"lcostes"
"17","Reedy Creek",2022,"Needs Livestakes",661,NA,NA,NA,"Low",NA,NA,NA,NA,NA,NA,NA,NA,NA,NA,NA,NA,"No","No","Yes","Yes","Yes",NA,NA,103.038604488016,NA,NA,NA,NA,NA,NA,NA,NA,NA,NA,NA,NA,NA,NA,NA,NA,NA,NA,NA,"Sam","{4b07495b-f5aa-4f7a-9910-adc6a4ecee83}",4582373-04-08 20:00:00,"lcostes",4582373-04-08 20:00:00,"lcostes"
"18","Reedy Creek",2022,"Needs Livestakes",662,NA,NA,NA,"Low",NA,NA,NA,NA,NA,NA,NA,NA,NA,NA,NA,NA,"No","No","Yes","Yes","Yes",NA,NA,48.1420542174189,NA,NA,NA,NA,NA,NA,NA,NA,NA,NA,NA,NA,NA,NA,NA,NA,NA,NA,NA,"Sam","{8be6f92a-ca46-4b75-a11e-d597156c167f}",4582373-04-08 20:00:00,"lcostes",4582373-04-08 20:00:00,"lcostes"
"19","Reedy Creek",2022,"Needs Livestakes",663,NA,NA,NA,"Low",NA,NA,NA,NA,NA,NA,NA,NA,NA,NA,NA,NA,"No","No","Yes","Yes","Yes",NA,NA,66.592948022529,NA,NA,NA,NA,NA,NA,NA,NA,NA,NA,NA,NA,NA,NA,NA,NA,NA,NA,NA,"Sam","{223b600a-d9d2-4aeb-bbee-37835d8a1af2}",4582373-04-08 20:00:00,"lcostes",4582373-04-08 20:00:00,"lcostes"
"20","Reedy Creek",2022,"Needs Livestakes",664,NA,NA,NA,"Low",NA,NA,NA,NA,NA,NA,NA,NA,NA,NA,NA,NA,"No","No","Yes","Yes","Yes",NA,NA,40.8174541477346,NA,NA,NA,NA,NA,NA,NA,NA,NA,NA,NA,NA,NA,NA,NA,NA,NA,NA,NA,"Sam","{de8bab75-b364-42d0-8396-01531ff2c4c6}",4582373-04-08 20:00:00,"lcostes",4582373-04-08 20:00:00,"lcostes"
"21","Reedy Creek",2022,"Needs Livestakes",665,NA,NA,NA,"Low",NA,NA,NA,NA,NA,NA,NA,NA,NA,NA,NA,NA,"No","No","Yes","Yes","Yes",NA,NA,46.1716762718706,NA,NA,NA,NA,NA,NA,NA,NA,NA,NA,NA,NA,NA,NA,NA,NA,NA,NA,NA,"Sam","{b9684f71-e716-4244-9439-d8caf773c394}",4582373-04-08 20:00:00,"lcostes",4582373-04-08 20:00:00,"lcostes"
"22","Reedy Creek",2022,"Needs Livestakes",666,NA,NA,NA,"Low",NA,NA,NA,NA,NA,NA,NA,NA,NA,NA,NA,NA,"No","No","Yes","Yes","Yes",NA,NA,132.081724777993,NA,NA,NA,NA,NA,NA,NA,NA,NA,NA,NA,NA,NA,NA,NA,NA,NA,NA,NA,"Sam","{7098d759-bd18-4e98-9d22-e1b6f75df2bf}",4582373-04-08 20:00:00,"lcostes",4582373-04-08 20:00:00,"lcostes"
"23","Reedy Creek",2022,"Needs Livestakes",667,NA,NA,NA,"Low",NA,NA,NA,NA,NA,NA,NA,NA,NA,NA,NA,NA,"No","No","Yes","Yes","Yes",NA,NA,51.0397678356548,NA,NA,NA,NA,NA,NA,NA,NA,NA,NA,NA,NA,NA,NA,NA,NA,NA,NA,NA,"Sam","{d01897f1-8d04-419d-bd25-37754135baa5}",4582373-04-08 20:00:00,"lcostes",4582373-04-08 20:00:00,"lcostes"
"24","Reedy Creek",2022,"Needs Livestakes",668,NA,NA,NA,"Low",NA,NA,NA,NA,NA,NA,NA,NA,NA,NA,NA,NA,"No","No","Yes","Yes","Yes",NA,NA,85.7679463636516,NA,NA,NA,NA,NA,NA,NA,NA,NA,NA,NA,NA,NA,NA,NA,NA,NA,NA,NA,"Sam","{cfc548b1-c122-4902-ac2b-d63610b43666}",4582373-04-08 20:00:00,"lcostes",4582373-04-08 20:00:00,"lcostes"
"25","Reedy Creek",2022,"Needs Livestakes",669,NA,NA,NA,"Low",NA,NA,NA,NA,NA,NA,NA,NA,NA,NA,NA,NA,"No","No","Yes","Yes","Yes",NA,NA,90.9414155243697,NA,NA,NA,NA,NA,NA,NA,NA,NA,NA,NA,NA,NA,NA,NA,NA,NA,NA,NA,"Sam","{e5a3cf09-6890-49ec-8ce3-c5e57b74a37f}",4582373-04-08 20:00:00,"lcostes",4582373-04-08 20:00:00,"lcostes"
"26","Reedy Creek",2022,"Needs Livestakes",670,NA,NA,NA,"Low",NA,NA,NA,NA,NA,NA,NA,NA,NA,NA,NA,NA,"No","No","Yes","Yes","Yes",NA,NA,51.8300685267786,NA,NA,NA,NA,NA,NA,NA,NA,NA,NA,NA,NA,NA,NA,NA,NA,NA,NA,NA,"Sam","{bc3143ae-a47d-4665-b111-15cd3c892b37}",4582373-04-08 20:00:00,"lcostes",4582373-04-08 20:00:00,"lcostes"
"27","Reedy Creek",2022,"Needs Livestakes",671,NA,NA,NA,"Low",NA,NA,NA,NA,NA,NA,NA,NA,NA,NA,NA,NA,"No","No","Yes","Yes","Yes",NA,NA,38.2539549794925,NA,NA,NA,NA,NA,NA,NA,NA,NA,NA,NA,NA,NA,NA,NA,NA,NA,NA,NA,"Sam","{02409b93-9a83-42f1-8c7c-626f3f04e917}",4582373-04-08 20:00:00,"lcostes",4582373-04-08 20:00:00,"lcostes"
"28","Reedy Creek",2022,"Needs Livestakes",672,NA,NA,NA,"Low",NA,NA,NA,NA,NA,NA,NA,NA,NA,NA,NA,NA,"No","No","Yes","Yes","Yes",NA,NA,130.755407743789,NA,NA,NA,NA,NA,NA,NA,NA,NA,NA,NA,NA,NA,NA,NA,NA,NA,NA,NA,"Sam","{750402bc-4f99-44e9-b639-b5a1e373de8b}",4582373-04-08 20:00:00,"lcostes",4582373-04-08 20:00:00,"lcostes"
"29","Reedy Creek",2022,"Needs Livestakes",673,NA,NA,NA,"Low",NA,NA,NA,NA,NA,NA,NA,NA,NA,NA,NA,NA,"No","No","Yes","Yes","Yes",NA,NA,55.2457277494835,NA,NA,NA,NA,NA,NA,NA,NA,NA,NA,NA,NA,NA,NA,NA,NA,NA,NA,NA,"Sam","{98ba7662-d94e-4c40-ada6-3cd3621a01c3}",4582373-04-08 20:00:00,"lcostes",4582373-04-08 20:00:00,"lcostes"
"30","Reedy Creek",2022,"Needs Livestakes",674,NA,NA,NA,"Low",NA,NA,NA,NA,NA,NA,NA,NA,NA,NA,NA,NA,"No","No","Yes","Yes","Yes",NA,NA,84.9068260376347,NA,NA,NA,NA,NA,NA,NA,NA,NA,NA,NA,NA,NA,NA,NA,NA,NA,NA,NA,"Sam","{cce51be8-7e67-4e3d-a8c0-5f6721236d45}",4582373-04-08 20:00:00,"lcostes",4582373-04-08 20:00:00,"lcostes"
"31","Reedy Creek",2022,"Needs Livestakes",675,NA,NA,NA,"Low",NA,NA,NA,NA,NA,NA,NA,NA,NA,NA,NA,NA,"No","No","Yes","Yes","Yes",NA,NA,56.9470814831169,NA,NA,NA,NA,NA,NA,NA,NA,NA,NA,NA,NA,NA,NA,NA,NA,NA,NA,NA,"Sam","{1585d878-1bf7-4f4a-b3bb-0c8b6987b329}",4582373-04-08 20:00:00,"lcostes",4582373-04-08 20:00:00,"lcostes"
"32","Reedy Creek",2022,"Needs Livestakes",676,NA,NA,NA,"Low",NA,NA,NA,NA,NA,NA,NA,NA,NA,NA,NA,NA,"No","No","Yes","Yes","Yes",NA,NA,52.1561384226009,NA,NA,NA,NA,NA,NA,NA,NA,NA,NA,NA,NA,NA,NA,NA,NA,NA,NA,NA,"Sam","{3745eb72-c584-454f-876e-d0e24634f440}",4582373-04-08 20:00:00,"lcostes",4582373-04-08 20:00:00,"lcostes"
"33","Reedy Creek",2022,"Needs Livestakes",677,NA,NA,NA,"Low",NA,NA,NA,NA,NA,NA,NA,NA,NA,NA,NA,NA,"No","No","Yes","Yes","Yes",NA,NA,73.1259142528576,NA,NA,NA,NA,NA,NA,NA,NA,NA,NA,NA,NA,NA,NA,NA,NA,NA,NA,NA,"Sam","{376ca05d-a256-4726-9b20-e0c8084c3ca9}",4582373-04-08 20:00:00,"lcostes",4582373-04-08 20:00:00,"lcostes"
"34","Reedy Creek",2022,"Needs Livestakes",678,NA,NA,NA,"Low",NA,NA,NA,NA,NA,NA,NA,NA,NA,NA,NA,NA,"No","No","Yes","Yes","Yes",NA,NA,94.5565029717799,NA,NA,NA,NA,NA,NA,NA,NA,NA,NA,NA,NA,NA,NA,NA,NA,NA,NA,NA,"Sam","{aee2f3a6-e416-4954-89f8-bd490324ac72}",4582373-04-08 20:00:00,"lcostes",4582373-04-08 20:00:00,"lcostes"
"35","Reedy Creek",2022,"Needs Livestakes",679,NA,NA,NA,"Low",NA,NA,NA,NA,NA,NA,NA,NA,NA,NA,NA,NA,"No","No","Yes","Yes","Yes",NA,NA,56.3967582738902,NA,NA,NA,NA,NA,NA,NA,NA,NA,NA,NA,NA,NA,NA,NA,NA,NA,NA,NA,"Sam","{fca59436-1490-4bb6-a899-775fb564be87}",4582373-04-08 20:00:00,"lcostes",4582373-04-08 20:00:00,"lcostes"
"36","Reedy Creek",2022,"Needs Livestakes",680,NA,NA,NA,"Low",NA,NA,NA,NA,NA,NA,NA,NA,NA,NA,NA,NA,"No","No","Yes","Yes","Yes",NA,NA,86.1219132018097,NA,NA,NA,NA,NA,NA,NA,NA,NA,NA,NA,NA,NA,NA,NA,NA,NA,NA,NA,"Sam","{c3590321-57f7-4aef-9e54-e11a0e481df7}",4582373-04-08 20:00:00,"lcostes",4582373-04-08 20:00:00,"lcostes"
"37","Reedy Creek",2022,"Needs Livestakes",681,NA,NA,NA,"Low",NA,NA,NA,NA,NA,NA,NA,NA,NA,NA,NA,NA,"No","No","Yes","Yes","Yes",NA,NA,133.144316237871,NA,NA,NA,NA,NA,NA,NA,NA,NA,NA,NA,NA,NA,NA,NA,NA,NA,NA,NA,"Sam","{242317cc-1ba7-44f8-8540-d63f4b6202ae}",4582373-04-08 20:00:00,"lcostes",4582373-04-08 20:00:00,"lcostes"
"38","Reedy Creek",2022,"Needs Livestakes",682,NA,NA,NA,"Low",NA,NA,NA,NA,NA,NA,NA,NA,NA,NA,NA,NA,"No","No","Yes","Yes","Yes",NA,NA,148.827178248877,NA,NA,NA,NA,NA,NA,NA,NA,NA,NA,NA,NA,NA,NA,NA,NA,NA,NA,NA,"Sam","{916ebf12-32c2-4df9-b72f-f0699e7ac894}",4582373-04-08 20:00:00,"lcostes",4582373-04-08 20:00:00,"lcostes"
"39","Reedy Creek",2022,"Needs Livestakes",683,NA,NA,NA,"Low",NA,NA,NA,NA,NA,NA,NA,NA,NA,NA,NA,NA,"No","No","Yes","Yes","Yes",NA,NA,104.875251243394,NA,NA,NA,NA,NA,NA,NA,NA,NA,NA,NA,NA,NA,NA,NA,NA,NA,NA,NA,"Sam","{626fae46-096f-408e-bbfb-3100f3e47009}",4582373-04-08 20:00:00,"lcostes",4582373-04-08 20:00:00,"lcostes"
"40","Reedy Creek",2022,"Needs Livestakes",684,NA,NA,NA,"Low",NA,NA,NA,NA,NA,NA,NA,NA,NA,NA,NA,NA,"No","No","Yes","Yes","Yes",NA,NA,144.297966856093,NA,NA,NA,NA,NA,NA,NA,NA,NA,NA,NA,NA,NA,NA,NA,NA,NA,NA,NA,"Sam","{0ff5c404-721c-436b-a763-02aa429d522f}",4582373-04-08 20:00:00,"lcostes",4582373-04-08 20:00:00,"lcostes"
"41","Reedy Creek",2022,"Needs Livestakes",685,NA,NA,NA,"Low",NA,NA,NA,NA,NA,NA,NA,NA,NA,NA,NA,NA,"No","No","Yes","Yes","Yes",NA,NA,118.688520725964,NA,NA,NA,NA,NA,NA,NA,NA,NA,NA,NA,NA,NA,NA,NA,NA,NA,NA,NA,"Sam","{6429114b-200e-4afd-90d4-6e93a36e7deb}",4582373-04-08 20:00:00,"lcostes",4582373-04-08 20:00:00,"lcostes"
"42","Reedy Creek",2022,"Needs Livestakes",686,NA,NA,NA,"Low",NA,NA,NA,NA,NA,NA,NA,NA,NA,NA,NA,NA,"No","No","Yes","Yes","Yes",NA,NA,97.4660495385154,NA,NA,NA,NA,NA,NA,NA,NA,NA,NA,NA,NA,NA,NA,NA,NA,NA,NA,NA,"Sam","{a9e9520f-7a0f-481e-a7cd-0af46ef81dd7}",4582373-04-08 20:00:00,"lcostes",4582373-04-08 20:00:00,"lcostes"
"43","Reedy Creek",2022,"Needs Livestakes",687,NA,NA,NA,"Low",NA,NA,NA,NA,NA,NA,NA,NA,NA,NA,NA,NA,"No","No","Yes","Yes","Yes",NA,NA,87.1730793629666,NA,NA,NA,NA,NA,NA,NA,NA,NA,NA,NA,NA,NA,NA,NA,NA,NA,NA,NA,"Sam","{149eb3ab-5e2d-4eed-9150-5ce4b5944bd1}",4582373-04-08 20:00:00,"lcostes",4582373-04-08 20:00:00,"lcostes"
"44","Reedy Creek",2022,"Needs Livestakes",688,NA,NA,NA,"Low",NA,NA,NA,NA,NA,NA,NA,NA,NA,NA,NA,NA,"No","No","Yes","Yes","Yes",NA,NA,114.308674704787,NA,NA,NA,NA,NA,NA,NA,NA,NA,NA,NA,NA,NA,NA,NA,NA,NA,NA,NA,"Sam","{b9061a0b-a153-467d-b7d6-425d8fa81aa1}",4582373-04-08 20:00:00,"lcostes",4582373-04-08 20:00:00,"lcostes"
"45","Reedy Creek",2022,"Needs Livestakes",689,NA,NA,NA,"Low",NA,NA,NA,NA,NA,NA,NA,NA,NA,NA,NA,NA,"No","No","Yes","Yes","Yes",NA,NA,38.7294068162962,NA,NA,NA,NA,NA,NA,NA,NA,NA,NA,NA,NA,NA,NA,NA,NA,NA,NA,NA,"Sam","{031d3c2e-0877-4621-a309-31518da8d7e2}",4582373-04-08 20:00:00,"lcostes",4582373-04-08 20:00:00,"lcostes"
"46","Reedy Creek",2022,"Needs Livestakes",690,NA,NA,NA,"Low",NA,NA,NA,NA,NA,NA,NA,NA,NA,NA,NA,NA,"No","No","Yes","Yes","Yes",NA,NA,70.3391153763721,NA,NA,NA,NA,NA,NA,NA,NA,NA,NA,NA,NA,NA,NA,NA,NA,NA,NA,NA,"Sam","{32515acc-5e51-4de5-b454-dcdd83e0c08b}",4582373-04-08 20:00:00,"lcostes",4582373-04-08 20:00:00,"lcostes"
"47","Reedy Creek",2022,"Needs Livestakes",691,NA,NA,NA,"Low",NA,NA,NA,NA,NA,NA,NA,NA,NA,NA,NA,NA,"No","No","Yes","Yes","Yes",NA,NA,55.6769262452077,NA,NA,NA,NA,NA,NA,NA,NA,NA,NA,NA,NA,NA,NA,NA,NA,NA,NA,NA,"Sam","{9a95e1fb-75c2-4aa8-9d9a-b5d86d2e9019}",4582373-04-08 20:00:00,"lcostes",4582373-04-08 20:00:00,"lcostes"
"48","Reedy Creek",2022,"Needs Livestakes",692,NA,NA,NA,"Low",NA,NA,NA,NA,NA,NA,NA,NA,NA,NA,NA,NA,"No","No","Yes","Yes","Yes",NA,NA,53.2066947100615,NA,NA,NA,NA,NA,NA,NA,NA,NA,NA,NA,NA,NA,NA,NA,NA,NA,NA,NA,"Sam","{ecc88ee9-d9c5-4a93-9165-0e2aa0f47a1f}",4582373-04-08 20:00:00,"lcostes",4582373-04-08 20:00:00,"lcostes"
"49","Reedy Creek",2022,"Needs Livestakes",693,NA,NA,NA,"Low",NA,NA,NA,NA,NA,NA,NA,NA,NA,NA,NA,NA,"No","No","Yes","Yes","Yes",NA,NA,107.492148728452,NA,NA,NA,NA,NA,NA,NA,NA,NA,NA,NA,NA,NA,NA,NA,NA,NA,NA,NA,"Sam","{5d539083-1bc7-4171-9e25-72e1a468ddc9}",4582373-04-08 20:00:00,"lcostes",4582373-04-08 20:00:00,"lcostes"
"50","Reedy Creek",2022,"Needs Livestakes",694,NA,NA,NA,"Low",NA,NA,NA,NA,NA,NA,NA,NA,NA,NA,NA,NA,"No","No","Yes","Yes","Yes",NA,NA,33.969861490012,NA,NA,NA,NA,NA,NA,NA,NA,NA,NA,NA,NA,NA,NA,NA,NA,NA,NA,NA,"Sam","{4a9610a9-8c38-4deb-90eb-3cafd2d176a9}",4582373-04-08 20:00:00,"lcostes",4582373-04-08 20:00:00,"lcostes"
"51","Reedy Creek",2022,"Needs Livestakes",695,NA,NA,NA,"Low",NA,NA,NA,NA,NA,NA,NA,NA,NA,NA,NA,NA,"No","No","Yes","Yes","Yes",NA,NA,67.7733166826285,NA,NA,NA,NA,NA,NA,NA,NA,NA,NA,NA,NA,NA,NA,NA,NA,NA,NA,NA,"Sam","{58e1276c-2192-41c3-9e15-39d66d599eb9}",4582373-04-08 20:00:00,"lcostes",4582373-04-08 20:00:00,"lcostes"
"52","Reedy Creek",2022,"Needs Livestakes",696,NA,NA,NA,"Low",NA,NA,NA,NA,NA,NA,NA,NA,NA,NA,NA,NA,"No","No","Yes","Yes","Yes",NA,NA,69.7621320092539,NA,NA,NA,NA,NA,NA,NA,NA,NA,NA,NA,NA,NA,NA,NA,NA,NA,NA,NA,"Sam","{aee77f0f-dcc5-482d-9687-157b93d04c0f}",4582373-04-08 20:00:00,"lcostes",4582373-04-08 20:00:00,"lcostes"
"53","Reedy Creek",2022,"Needs Livestakes",697,NA,NA,NA,"Low",NA,NA,NA,NA,NA,NA,NA,NA,NA,NA,NA,NA,"No","No","Yes","Yes","Yes",NA,NA,82.1897352438307,NA,NA,NA,NA,NA,NA,NA,NA,NA,NA,NA,NA,NA,NA,NA,NA,NA,NA,NA,"Sam","{d2231016-c14f-41f2-aa81-7637774d8a14}",4582373-04-08 20:00:00,"lcostes",4582373-04-08 20:00:00,"lcostes"
"54","Reedy Creek",2022,"Needs Livestakes",698,NA,NA,NA,"Low",NA,NA,NA,NA,NA,NA,NA,NA,NA,NA,NA,NA,"No","No","Yes","Yes","Yes",NA,NA,69.567216996175,NA,NA,NA,NA,NA,NA,NA,NA,NA,NA,NA,NA,NA,NA,NA,NA,NA,NA,NA,"Sam","{d89d9945-a0bb-40cc-bde8-df07350e1f01}",4582373-04-08 20:00:00,"lcostes",4582373-04-08 20:00:00,"lcostes"
"55","Reedy Creek",2022,"Needs Livestakes",699,NA,NA,NA,"Low",NA,NA,NA,NA,NA,NA,NA,NA,NA,NA,NA,NA,"No","No","Yes","Yes","Yes",NA,NA,85.1312068670337,NA,NA,NA,NA,NA,NA,NA,NA,NA,NA,NA,NA,NA,NA,NA,NA,NA,NA,NA,"Sam","{0dad462a-cdbc-4a9c-adc7-67944faa15d2}",4582373-04-08 20:00:00,"lcostes",4582373-04-08 20:00:00,"lcostes"
"56","Reedy Creek",2022,"Needs Livestakes",700,NA,NA,NA,"Low",NA,NA,NA,NA,NA,NA,NA,NA,NA,NA,NA,NA,"No","No","Yes","Yes","Yes",NA,NA,44.6973760714953,NA,NA,NA,NA,NA,NA,NA,NA,NA,NA,NA,NA,NA,NA,NA,NA,NA,NA,NA,"Sam","{fb608cdd-5714-427b-b992-f236beb7686c}",4582373-04-08 20:00:00,"lcostes",4582373-04-08 20:00:00,"lcostes"
"57","Reedy Creek",2022,"Needs Livestakes",701,NA,NA,NA,"Low",NA,NA,NA,NA,NA,NA,NA,NA,NA,NA,NA,NA,"No","No","Yes","Yes","Yes",NA,NA,38.1573588793181,NA,NA,NA,NA,NA,NA,NA,NA,NA,NA,NA,NA,NA,NA,NA,NA,NA,NA,NA,"Sam","{930b4cee-b159-4ff8-835a-b21b3b840d4c}",4582373-04-08 20:00:00,"lcostes",4582373-04-08 20:00:00,"lcostes"
"58","Reedy Creek",2022,"Weed Occurrence",220,NA,NA,NA,"Low","Autumn Olive","1-5%",NA,NA,NA,NA,NA,NA,NA,NA,NA,NA,"No","No","Yes","Yes","Yes",NA,9645.98181152344,1005.44610112743,1,2022-10-20 08:00:00,"Invasive treatment","In house",NA,"Backpack Spray","Glyphosate",NA,NA,NA,NA,2022-10-20 08:00:00,NA,2023-01-05 17:32:57,"lcostes",2023-01-05 17:32:57,"lcostes",NA,NA,"Sam","{99ca45fe-b935-46b9-840a-fb9eeace681a}",2023-01-05 17:32:36,"lcostes",2023-01-05 17:32:36,"lcostes"
"59","Reedy Creek",2022,"Weed Occurrence",247,NA,NA,NA,"Low","Autumn Olive","6-25%",NA,NA,NA,NA,NA,NA,NA,NA,NA,NA,"Yes","No","Yes","Yes","Yes",NA,34398.9932861328,1591.89534231697,1,2022-10-20 08:00:00,"Invasive treatment","In house",NA,"Backpack Spray","Glyphosate","Cut Stump","Glyphosate",NA,NA,2022-10-20 08:00:00,NA,2023-01-05 17:32:57,"lcostes",2023-01-05 17:32:57,"lcostes",NA,NA,"Sam","{9fe9fdca-9f36-4c9d-ae8a-87c080c90872}",2023-01-05 17:32:36,"lcostes",2023-01-05 17:32:36,"lcostes"
"60","Reedy Creek",2022,"Weed Occurrence",992,NA,NA,NA,"Low","Autumn Olive","6-25%","Chinese Privet","6-25%",NA,NA,NA,NA,NA,NA,NA,NA,"Yes","No","Yes","Yes","Yes",NA,33049.1207885742,862.59441921721,1,2022-10-19 08:00:00,"Foliar spray","In house",NA,"Backpack Spray","Glyphosate","Cut Stump","Glyphosate",NA,NA,2022-10-19 08:00:00,NA,2023-01-05 17:32:57,"lcostes",2023-01-05 17:32:57,"lcostes",NA,NA,"Sam","{d047e5c6-6b2c-4b5c-8ace-918dfbf49924}",2023-01-05 17:32:36,"lcostes",2023-01-05 17:32:36,"lcostes"
"61","Reedy Creek",2022,"Weed Occurrence",557,NA,NA,NA,"Low","Chinese Privet","1-5%",NA,NA,NA,NA,NA,NA,NA,NA,NA,NA,"No","No","Yes","Yes","Yes",NA,691.720031738281,115.487830114682,NA,NA,NA,NA,NA,NA,NA,NA,NA,NA,NA,NA,NA,NA,NA,NA,NA,NA,NA,"Sam","{d4d50921-b0b8-4d9b-8e4a-d17e58cb5dfb}",4582373-04-23 20:00:00,"lcostes",4582373-04-23 20:00:00,"lcostes"
"62","Reedy Creek",2022,"Weed Occurrence",566,NA,NA,NA,"Low","Chinese Privet","6-25%",NA,NA,NA,NA,NA,NA,NA,NA,NA,NA,"No","No","Yes","Yes","Yes",NA,3567.56860351562,368.140573262591,NA,NA,NA,NA,NA,NA,NA,NA,NA,NA,NA,NA,NA,NA,NA,NA,NA,NA,NA,"Sam","{47c47fb2-957e-45d6-bf13-2bd378af0e10}",4582373-04-23 20:00:00,"lcostes",4582373-04-23 20:00:00,"lcostes"
"63","Reedy Creek",2022,"Weed Occurrence",567,NA,NA,NA,"Low","Chinese Privet","6-25%",NA,NA,NA,NA,NA,NA,NA,NA,NA,NA,"No","No","Yes","Yes","Yes",NA,1115.06457519531,241.142213696027,NA,NA,NA,NA,NA,NA,NA,NA,NA,NA,NA,NA,NA,NA,NA,NA,NA,NA,NA,"Sam","{ab2de256-e63f-4ce7-93aa-66c677ef63ee}",4582373-04-23 20:00:00,"lcostes",4582373-04-23 20:00:00,"lcostes"
"64","Reedy Creek",2022,"Weed Occurrence",568,NA,NA,NA,"Low","Chinese Privet","6-25%",NA,NA,NA,NA,NA,NA,NA,NA,NA,NA,"No","No","Yes","Yes","Yes",NA,474.194213867188,93.6005481335133,NA,NA,NA,NA,NA,NA,NA,NA,NA,NA,NA,NA,NA,NA,NA,NA,NA,NA,NA,"Sam","{5f263b41-a97b-4f51-9bf8-0f985652986e}",4582373-04-23 20:00:00,"lcostes",4582373-04-23 20:00:00,"lcostes"
"65","Reedy Creek",2022,"Weed Occurrence",569,NA,NA,NA,"Low","Chinese Privet","1-5%",NA,NA,NA,NA,NA,NA,NA,NA,NA,NA,"No","No","Yes","Yes","Yes",NA,1713.58953857422,251.098020403134,NA,NA,NA,NA,NA,NA,NA,NA,NA,NA,NA,NA,NA,NA,NA,NA,NA,NA,NA,"Sam","{15f111c9-c568-4856-b394-8d8cbb5473df}",4582373-04-23 20:00:00,"lcostes",4582373-04-23 20:00:00,"lcostes"
"66","Reedy Creek",2022,"Weed Occurrence",570,NA,NA,NA,"Low","Chinese Privet","6-25%",NA,NA,NA,NA,NA,NA,NA,NA,"No",NA,"No","No","Yes","Yes","Yes",NA,6909.55505371094,376.245795528642,NA,NA,NA,NA,NA,NA,NA,NA,NA,NA,NA,NA,NA,NA,NA,NA,NA,NA,NA,"Sam","{a3c1db61-906a-464a-b440-b64dab680fde}",4582373-04-23 20:00:00,"lcostes",4582373-04-23 20:00:00,"lcostes"
"67","Reedy Creek",2022,"Weed Occurrence",825,NA,NA,NA,"Low","Chinese Privet","6-25%",NA,NA,NA,NA,NA,NA,NA,NA,NA,NA,"No","No","Yes","Yes","Yes",NA,1248.8623046875,153.271688993081,NA,NA,NA,NA,NA,NA,NA,NA,NA,NA,NA,NA,NA,NA,NA,NA,NA,NA,NA,"Sam","{fafd2c87-aee6-4635-991e-7e88afdeb526}",4582373-04-23 20:00:00,"lcostes",4582373-04-23 20:00:00,"lcostes"
"68","Reedy Creek",2022,"Weed Occurrence",627,NA,"Two saplings ",NA,"Low","Princess Tree","6-25%","Tree Of Heaven","6-25%",NA,NA,NA,NA,NA,NA,"No",NA,"No","No","Yes","Yes","Yes",NA,NA,NA,1,2022-07-13 11:00:00,"Tree of Heaven treatment","In House",NA,"Hack and Squirt","Triclopyr",NA,NA,NA,NA,2022-07-13 11:00:00,NA,2023-01-05 17:32:53,"lcostes",2023-01-05 17:32:53,"lcostes",NA,NA,"Sam","{23ef0d8e-d133-40f2-af97-abcbd24f32ea}",2023-01-05 17:32:00,"lcostes",2023-01-05 17:32:00,"lcostes"
"69","Reedy Creek",2022,"Weed Occurrence",540,NA,NA,NA,"Medium","Japanese Hops","6-25%",NA,NA,NA,NA,NA,NA,NA,NA,NA,NA,"No","No","Yes","Yes","Yes",NA,NA,NA,1,2022-08-26 00:00:00,"Japanese hops treatment","in house",NA,"Backpack Spray","Glyphosate",NA,NA,NA,NA,2022-08-26 10:00:00,NA,2023-01-05 17:32:53,"lcostes",2023-01-05 17:32:53,"lcostes",NA,NA,"Sam","{51ded641-a59f-4acc-87d0-02eaadab3043}",2023-01-05 17:32:00,"lcostes",2023-01-05 17:32:00,"lcostes"
"70","Reedy Creek",2022,"Weed Occurrence",329,NA,"Cattails in stream ",NA,"Low","OTHER","1-5%",NA,NA,NA,NA,NA,NA,NA,NA,NA,NA,"No","No","Yes","Yes","Yes",NA,NA,NA,NA,NA,NA,NA,NA,NA,NA,NA,NA,NA,NA,NA,NA,NA,NA,NA,NA,NA,NA,"Sam","{7678247c-bf38-43b6-aba6-e124cb88b322}",4582373-03-18 20:00:00,"lcostes",4582373-03-18 20:00:00,"lcostes"
"71","Reedy Creek",2022,"Weed Occurrence",535,NA,NA,NA,"High","Kudzu","1-5%",NA,NA,NA,NA,NA,NA,NA,NA,NA,NA,"Yes","Yes","Yes","Yes","Yes",NA,NA,NA,NA,NA,NA,NA,NA,NA,NA,NA,NA,NA,NA,NA,NA,NA,NA,NA,NA,NA,NA,"Sam","{2e2ccb65-2d07-49dd-a919-54235d34ddd5}",4582373-03-18 20:00:00,"lcostes",4582373-03-18 20:00:00,"lcostes"
"72","Reedy Creek",2022,"Weed Occurrence",536,NA,NA,NA,"High","Kudzu","1-5%",NA,NA,NA,NA,NA,NA,NA,NA,NA,NA,"Yes","Yes","Yes","Yes","Yes",NA,NA,NA,NA,NA,NA,NA,NA,NA,NA,NA,NA,NA,NA,NA,NA,NA,NA,NA,NA,NA,NA,"Sam","{1e01f0fd-48e8-4d8b-a7b4-6e12e749cc13}",4582373-03-18 20:00:00,"lcostes",4582373-03-18 20:00:00,"lcostes"
"73","Reedy Creek",2022,"Weed Occurrence",537,NA,NA,NA,"High","Kudzu","1-5%",NA,NA,NA,NA,NA,NA,NA,NA,NA,NA,"Yes","Yes","Yes","Yes","Yes",NA,NA,NA,NA,NA,NA,NA,NA,NA,NA,NA,NA,NA,NA,NA,NA,NA,NA,NA,NA,NA,NA,"Sam","{af3367df-17a1-4a5d-96bc-ebbd411b0061}",4582373-03-18 20:00:00,"lcostes",4582373-03-18 20:00:00,"lcostes"
"74","Reedy Creek",2022,"Weed Occurrence",538,NA,NA,NA,"High","Kudzu","1-5%",NA,NA,NA,NA,NA,NA,NA,NA,NA,NA,"Yes","Yes","Yes","Yes","Yes",NA,NA,NA,NA,NA,NA,NA,NA,NA,NA,NA,NA,NA,NA,NA,NA,NA,NA,NA,NA,NA,NA,"Sam","{ebc4ce5d-9fc0-4b19-922c-4c03dc43b26e}",4582373-03-18 20:00:00,"lcostes",4582373-03-18 20:00:00,"lcostes"
"75","Reedy Creek",2022,"Weed Occurrence",539,NA,NA,NA,"High","Kudzu","1-5%",NA,NA,NA,NA,NA,NA,NA,NA,NA,NA,"Yes","Yes","Yes","Yes","Yes",NA,NA,NA,NA,NA,NA,NA,NA,NA,NA,NA,NA,NA,NA,NA,NA,NA,NA,NA,NA,NA,NA,"Sam","{87575523-db1a-4e50-b720-749d5d1b6d50}",4582373-03-18 20:00:00,"lcostes",4582373-03-18 20:00:00,"lcostes"
"76","Reedy Creek",2022,"Weed Occurrence",552,NA,NA,NA,"High","Kudzu","1-5%",NA,NA,NA,NA,NA,NA,NA,NA,NA,NA,"No","No","Yes","Yes","Yes",NA,NA,NA,NA,NA,NA,NA,NA,NA,NA,NA,NA,NA,NA,NA,NA,NA,NA,NA,NA,NA,NA,"Sam","{eb86882e-fc5b-44cd-a2fd-33ffe9aefd62}",4582373-03-18 20:00:00,"lcostes",4582373-03-18 20:00:00,"lcostes"
"77","Reedy Creek",2022,"Weed Occurrence",553,NA,NA,NA,"High","Kudzu","1-5%",NA,NA,NA,NA,NA,NA,NA,NA,"Yes",NA,"No","No","Yes","Yes","Yes",NA,NA,NA,NA,NA,NA,NA,NA,NA,NA,NA,NA,NA,NA,NA,NA,NA,NA,NA,NA,NA,NA,"Sam","{260b1577-d247-49c1-9d9a-dcc220f2e7d5}",4582373-03-18 20:00:00,"lcostes",4582373-03-18 20:00:00,"lcostes"
"78","Reedy Creek",2022,"Weed Occurrence",554,NA,NA,NA,"High","Kudzu","1-5%",NA,NA,NA,NA,NA,NA,NA,NA,"Yes",NA,"No","No","Yes","Yes","Yes",NA,NA,NA,NA,NA,NA,NA,NA,NA,NA,NA,NA,NA,NA,NA,NA,NA,NA,NA,NA,NA,NA,"Sam","{92395b9d-d1fd-4257-abd0-9f8fd8cc0d5d}",4582373-03-18 20:00:00,"lcostes",4582373-03-18 20:00:00,"lcostes"
"79","Reedy Creek",2022,"Weed Occurrence",555,NA,NA,NA,"High","Kudzu","1-5%",NA,NA,NA,NA,NA,NA,NA,NA,NA,NA,"No","No","Yes","Yes","Yes",NA,NA,NA,NA,NA,NA,NA,NA,NA,NA,NA,NA,NA,NA,NA,NA,NA,NA,NA,NA,NA,NA,"Sam","{b9651f1f-db64-428e-b17b-31eff1a29e8d}",4582373-03-18 20:00:00,"lcostes",4582373-03-18 20:00:00,"lcostes"
"80","Reedy Creek",2022,"Weed Occurrence",556,NA,NA,NA,"High","Kudzu","1-5%",NA,NA,NA,NA,NA,NA,NA,NA,"Yes",NA,"No","No","Yes","Yes","Yes",NA,NA,NA,NA,NA,NA,NA,NA,NA,NA,NA,NA,NA,NA,NA,NA,NA,NA,NA,NA,NA,NA,"Sam","{213e43fa-dd6f-4962-9940-898765bb16d0}",4582373-03-18 20:00:00,"lcostes",4582373-03-18 20:00:00,"lcostes"
"81","Reedy Creek",2022,"Weed Occurrence",624,NA,"Small",NA,"Low","Japanese Knotweed","6-25%",NA,NA,NA,NA,NA,NA,NA,NA,NA,NA,"No","No","Yes","Yes","Yes",NA,NA,NA,NA,NA,NA,NA,NA,NA,NA,NA,NA,NA,NA,NA,NA,NA,NA,NA,NA,NA,NA,"Sam","{dffa5594-e6b1-45d3-b680-1e7dbfe19367}",4582373-03-18 20:00:00,"lcostes",4582373-03-18 20:00:00,"lcostes"
"82","Reedy Creek",2022,"Weed Occurrence",625,NA,NA,NA,"Low","Japanese Hops","1-5%",NA,NA,NA,NA,NA,NA,NA,NA,NA,NA,"Yes","No","Yes","Yes","Yes",NA,NA,NA,NA,NA,NA,NA,NA,NA,NA,NA,NA,NA,NA,NA,NA,NA,NA,NA,NA,NA,NA,"Sam","{e11b00dd-be4e-4cb6-bcbb-8c2a97e95a24}",4582373-03-18 20:00:00,"lcostes",4582373-03-18 20:00:00,"lcostes"
"83","Reedy Creek",2022,"Weed Occurrence",626,NA,"Very small vines. Sam uprooted on 6/20/22",NA,"Low","Japanese Hops","1-5%",NA,NA,NA,NA,NA,NA,NA,NA,NA,NA,"Yes","No","Yes","Yes","Yes",NA,NA,NA,NA,NA,NA,NA,NA,NA,NA,NA,NA,NA,NA,NA,NA,NA,NA,NA,NA,NA,NA,"Sam","{5b6023b1-3f27-43b4-a7a7-e8198738d9f6}",4582373-03-18 20:00:00,"lcostes",4582373-03-18 20:00:00,"lcostes"
"84","Reedy Creek",2022,"Weed Occurrence",683,NA,NA,NA,"High","Kudzu","<1%",NA,NA,NA,NA,NA,NA,NA,NA,NA,NA,"No","No","Yes","Yes","Yes",NA,NA,NA,NA,NA,NA,NA,NA,NA,NA,NA,NA,NA,NA,NA,NA,NA,NA,NA,NA,NA,NA,"Sam","{a978e453-dff8-442c-a938-51c57b77641c}",4582373-03-18 20:00:00,"lcostes",4582373-03-18 20:00:00,"lcostes"
"85","Reedy Creek",2021,"Channel Stability/Erosion",702,NA,"Bank Scour",NA,"High",NA,NA,NA,NA,NA,NA,NA,NA,NA,NA,NA,NA,"Yes","Yes","Yes","Yes","Yes",NA,NA,58.0617656005617,2,2022-01-12 07:00:00,"Bank Repair","In House",NA,"Hand",NA,NA,NA,NA,NA,2022-01-12 07:00:00,NA,2023-01-05 17:32:56,"lcostes",2023-01-05 17:32:56,"lcostes",NA,NA,"Sam","{cce8c3cc-6275-464c-bd74-210ccd2303d8}",2023-01-05 17:32:21,"lcostes",2023-01-05 17:32:21,"lcostes"
"86","Reedy Creek",2021,"Channel Stability/Erosion",521,NA,"Add live stakes and plugs ",NA,"Low",NA,NA,NA,NA,NA,NA,NA,NA,NA,NA,NA,NA,"No","No","Yes","Yes","Yes",NA,NA,91.2698736530294,NA,NA,NA,NA,NA,NA,NA,NA,NA,NA,NA,NA,NA,NA,NA,NA,NA,NA,NA,"Sam","{2d0d3351-e4e8-4317-9dde-9e4da723e483}",4582373-04-08 20:00:00,"lcostes",4582373-04-08 20:00:00,"lcostes"
"87","Reedy Creek",2021,"Channel Stability/Erosion",524,NA,NA,NA,"Medium",NA,NA,NA,NA,NA,NA,NA,NA,NA,NA,NA,NA,"Yes","Yes","Yes","Yes","Yes",NA,NA,63.7081204113881,NA,NA,NA,NA,NA,NA,NA,NA,NA,NA,NA,NA,NA,NA,NA,NA,NA,NA,NA,"Sam","{6936ed08-58d0-4b09-b7e5-c8e656ccd957}",4582373-04-08 20:00:00,"lcostes",4582373-04-08 20:00:00,"lcostes"
"88","Reedy Creek",2021,"Failed Structure",302,NA,"Bank scour",NA,"Medium",NA,NA,NA,NA,NA,NA,NA,NA,NA,NA,NA,NA,"No","No","Yes","Yes","Yes",NA,NA,NA,NA,NA,NA,NA,NA,NA,NA,NA,NA,NA,NA,NA,NA,NA,NA,NA,NA,NA,NA,"Sam","{320b50ba-aed1-4f2f-90a8-0e6a480b50e7}",4582373-03-18 20:00:00,"lcostes",4582373-03-18 20:00:00,"lcostes"
"89","Reedy Creek",2021,"Failed Structure",303,NA,"Bank scour ",NA,"Low",NA,NA,NA,NA,NA,NA,NA,NA,NA,NA,NA,NA,"No","No","Yes","Yes","Yes",NA,NA,NA,NA,NA,NA,NA,NA,NA,NA,NA,NA,NA,NA,NA,NA,NA,NA,NA,NA,NA,NA,"Sam","{80f49b98-531b-4ab8-9372-158915be8e8f}",4582373-03-18 20:00:00,"lcostes",4582373-03-18 20:00:00,"lcostes"
"90","Reedy Creek",2021,"In-Stream Vegetation",522,NA,NA,NA,"Low",NA,NA,NA,NA,NA,NA,NA,NA,NA,NA,NA,NA,"No","No","Yes","Yes","Yes",NA,NA,331.022302486614,NA,NA,NA,NA,NA,NA,NA,NA,NA,NA,NA,NA,NA,NA,NA,NA,NA,NA,NA,"Sam","{fa3c2cf9-2c14-491d-9398-e95db5fb0b8e}",4582373-04-08 20:00:00,"lcostes",4582373-04-08 20:00:00,"lcostes"
"91","Reedy Creek",2021,"Misc",30,NA,"Floodplain jumping",NA,"Low",NA,NA,NA,NA,NA,NA,NA,NA,NA,NA,NA,NA,"Yes","Yes","No","Yes","Yes",NA,NA,NA,NA,NA,NA,NA,NA,NA,NA,NA,NA,NA,NA,NA,NA,NA,NA,NA,NA,NA,NA,"Sam","{393cc406-636f-4064-ac26-33eacd0e4cc0}",4582373-03-18 20:00:00,"lcostes",4582373-03-18 20:00:00,"lcostes"
"92","Reedy Creek",2021,"Needs Livestakes",622,NA,NA,NA,"Medium",NA,NA,NA,NA,NA,NA,NA,NA,NA,NA,NA,NA,"Yes","Yes","Yes","Yes","Yes",NA,NA,478.846068391325,2,2022-01-19 07:00:00,"Livestaking","In House",NA,"Hand",NA,NA,NA,NA,NA,2022-01-19 07:00:00,NA,2023-01-05 17:32:56,"lcostes",2023-01-05 17:32:56,"lcostes","1-5%",NA,"Sam","{2fcc80b8-4522-439e-8254-1339b8fedea5}",2023-01-05 17:32:21,"lcostes",2023-01-05 17:32:21,"lcostes"
"93","Reedy Creek",2021,"Needs Livestakes",623,NA,NA,NA,"Medium",NA,NA,NA,NA,NA,NA,NA,NA,NA,NA,NA,NA,"Yes","Yes","Yes","Yes","Yes",NA,NA,806.336298943741,2,2022-01-19 07:00:00,"Livestaking","In House",NA,"Hand",NA,NA,NA,NA,NA,2022-01-19 07:00:00,NA,2023-01-05 17:32:56,"lcostes",2023-01-05 17:32:56,"lcostes","1-5%",NA,"Sam","{a57d6a88-c9d7-4baf-95c1-aba9c2c3cc51}",2023-01-05 17:32:21,"lcostes",2023-01-05 17:32:21,"lcostes"
"94","Reedy Creek",2021,"Needs Livestakes",620,NA,NA,NA,"Medium",NA,NA,NA,NA,NA,NA,NA,NA,NA,NA,NA,NA,"Yes","Yes","Yes","Yes","Yes",NA,NA,435.90905413092,2,2022-01-19 06:00:00,"Livestaking","In House",NA,"Hand",NA,NA,NA,NA,NA,2022-01-19 06:00:00,NA,2023-01-05 17:32:56,"lcostes",2023-01-05 17:32:56,"lcostes","1-5%",NA,"Sam","{bb483a36-e5fc-42af-bf75-ae76a632e52d}",2023-01-05 17:32:21,"lcostes",2023-01-05 17:32:21,"lcostes"
"95","Reedy Creek",2021,"Needs Livestakes",619,NA,NA,NA,"Medium",NA,NA,NA,NA,NA,NA,NA,NA,NA,NA,NA,NA,"Yes","Yes","Yes","Yes","Yes",NA,NA,443.855016887326,2,2022-01-19 10:00:00,"Livestaking","in house",NA,"Hand",NA,NA,NA,NA,NA,2022-01-19 19:00:00,NA,2023-01-05 17:32:56,"lcostes",2023-01-05 17:32:56,"lcostes","1-5%",NA,"Sam","{cccc507b-ab94-4dc8-97b0-4c0bcfb6c284}",2023-01-05 17:32:21,"lcostes",2023-01-05 17:32:21,"lcostes"
"96","Reedy Creek",2021,"Needs Livestakes",621,NA,NA,NA,"Medium",NA,NA,NA,NA,NA,NA,NA,NA,NA,NA,NA,NA,"Yes","Yes","Yes","Yes","Yes",NA,NA,448.799229276353,2,2022-01-19 06:15:00,"Livestaking","In House",NA,"Hand",NA,NA,NA,NA,NA,2022-01-19 07:00:00,NA,2023-01-05 17:32:56,"lcostes",2023-01-05 17:32:56,"lcostes","1-5%",NA,"Sam","{fd7f9506-3f62-4deb-aaf3-fdd3c9527da2}",2023-01-05 17:32:21,"lcostes",2023-01-05 17:32:21,"lcostes"
"97","Reedy Creek",2021,"Needs Livestakes",523,NA,NA,NA,"Low",NA,NA,NA,NA,NA,NA,NA,NA,NA,NA,NA,NA,"No","No","Yes","Yes","Yes",NA,NA,72.1572041321236,NA,NA,NA,NA,NA,NA,NA,NA,NA,NA,NA,NA,NA,NA,NA,NA,NA,NA,NA,"Sam","{709907d7-9347-4d8e-af16-b744ee196204}",4582373-04-08 20:00:00,"lcostes",4582373-04-08 20:00:00,"lcostes"
"98","Reedy Creek",2021,"Needs Livestakes",525,NA,NA,NA,"Low",NA,NA,NA,NA,NA,NA,NA,NA,NA,NA,NA,NA,"No","No","Yes","Yes","Yes",NA,NA,16.5955834840901,NA,NA,NA,NA,NA,NA,NA,NA,NA,NA,NA,NA,NA,NA,NA,NA,NA,NA,NA,"Sam","{9d9ab1ab-e1c8-413f-9bdf-eaf1459c595a}",4582373-04-08 20:00:00,"lcostes",4582373-04-08 20:00:00,"lcostes"
"99","Reedy Creek",2021,"Needs Livestakes",616,NA,NA,NA,"Medium",NA,NA,NA,NA,NA,NA,NA,NA,NA,NA,NA,NA,"No","No","Yes","Yes","Yes",NA,NA,208.701321548331,NA,NA,NA,NA,NA,NA,NA,NA,NA,NA,NA,NA,NA,NA,NA,NA,NA,"1-5%",NA,"Sam","{571b2696-4aa1-40f8-843d-b99050f13baa}",4582373-04-08 20:00:00,"lcostes",4582373-04-08 20:00:00,"lcostes"
"100","Reedy Creek",2021,"Needs Livestakes",617,NA,NA,NA,"Medium",NA,NA,NA,NA,NA,NA,NA,NA,NA,NA,NA,NA,"No","No","Yes","Yes","Yes",NA,NA,127.722118365297,NA,NA,NA,NA,NA,NA,NA,NA,NA,NA,NA,NA,NA,NA,NA,NA,NA,"1-5%",NA,"Sam","{97041efc-3325-4ae4-88ad-3e64791c91d6}",4582373-04-08 20:00:00,"lcostes",4582373-04-08 20:00:00,"lcostes"
"101","Reedy Creek",2021,"Needs Livestakes",618,NA,NA,NA,"Medium",NA,NA,NA,NA,NA,NA,NA,NA,NA,NA,NA,NA,"No","No","Yes","Yes","Yes",NA,NA,174.620492777516,NA,NA,NA,NA,NA,NA,NA,NA,NA,NA,NA,NA,NA,NA,NA,NA,NA,"1-5%",NA,"Sam","{bfd8d754-2079-4749-9f2d-960aec2c8580}",4582373-04-08 20:00:00,"lcostes",4582373-04-08 20:00:00,"lcostes"
"102","Reedy Creek",2021,"Needs Livestakes",624,NA,NA,NA,"Medium",NA,NA,NA,NA,NA,NA,NA,NA,NA,NA,NA,NA,"No","No","Yes","Yes","Yes",NA,NA,88.5063221689529,NA,NA,NA,NA,NA,NA,NA,NA,NA,NA,NA,NA,NA,NA,NA,NA,NA,NA,NA,"Sam","{35da5ee1-797b-497f-9ff1-879353829927}",4582373-04-08 20:00:00,"lcostes",4582373-04-08 20:00:00,"lcostes"
"103","Reedy Creek",2021,"Needs Livestakes",625,NA,NA,NA,"Medium",NA,NA,NA,NA,NA,NA,NA,NA,NA,NA,NA,NA,"No","No","Yes","Yes","Yes",NA,NA,66.1132073699357,NA,NA,NA,NA,NA,NA,NA,NA,NA,NA,NA,NA,NA,NA,NA,NA,NA,"1-5%",NA,"Sam","{9380aa04-93d2-4a7c-9210-94d7246266a4}",4582373-04-08 20:00:00,"lcostes",4582373-04-08 20:00:00,"lcostes"
"104","Reedy Creek",2021,"Needs Livestakes",626,NA,NA,NA,"Medium",NA,NA,NA,NA,NA,NA,NA,NA,NA,NA,NA,NA,"No","No","Yes","Yes","Yes",NA,NA,40.4092097637343,NA,NA,NA,NA,NA,NA,NA,NA,NA,NA,NA,NA,NA,NA,NA,NA,NA,"1-5%",NA,"Sam","{fb69188b-2489-4708-aa09-9a0be625a555}",4582373-04-08 20:00:00,"lcostes",4582373-04-08 20:00:00,"lcostes"
"105","Reedy Creek",2021,"Needs Livestakes",627,NA,NA,NA,"Medium",NA,NA,NA,NA,NA,NA,NA,NA,NA,NA,NA,NA,"No","No","Yes","Yes","Yes",NA,NA,67.5347234707897,NA,NA,NA,NA,NA,NA,NA,NA,NA,NA,NA,NA,NA,NA,NA,NA,NA,"1-5%",NA,"Sam","{5789bde2-6110-49aa-8d03-1669772c1af1}",4582373-04-08 20:00:00,"lcostes",4582373-04-08 20:00:00,"lcostes"
"106","Reedy Creek",2021,"Needs Livestakes",628,NA,NA,NA,"Medium",NA,NA,NA,NA,NA,NA,NA,NA,NA,NA,NA,NA,"No","No","Yes","Yes","Yes",NA,NA,47.7824587675723,NA,NA,NA,NA,NA,NA,NA,NA,NA,NA,NA,NA,NA,NA,NA,NA,NA,"1-5%",NA,"Sam","{366621c5-d9fa-4d64-8950-f699b51f66af}",4582373-04-08 20:00:00,"lcostes",4582373-04-08 20:00:00,"lcostes"
"107","Reedy Creek",2021,"Needs Livestakes",629,NA,NA,NA,"Medium",NA,NA,NA,NA,NA,NA,NA,NA,NA,NA,NA,NA,"No","No","Yes","Yes","Yes",NA,NA,55.5358671161314,NA,NA,NA,NA,NA,NA,NA,NA,NA,NA,NA,NA,NA,NA,NA,NA,NA,"1-5%",NA,"Sam","{8fbd15e0-0c3e-40fc-b89e-301899bcf7a2}",4582373-04-08 20:00:00,"lcostes",4582373-04-08 20:00:00,"lcostes"
"108","Reedy Creek",2021,"Needs Livestakes",630,NA,NA,NA,"Medium",NA,NA,NA,NA,NA,NA,NA,NA,NA,NA,NA,NA,"No","No","Yes","Yes","Yes",NA,NA,107.921597506012,NA,NA,NA,NA,NA,NA,NA,NA,NA,NA,NA,NA,NA,NA,NA,NA,NA,"1-5%",NA,"Sam","{7df18c94-67d1-406c-bca8-d7ade7f98e54}",4582373-04-08 20:00:00,"lcostes",4582373-04-08 20:00:00,"lcostes"
"109","Reedy Creek",2021,"Needs Livestakes",631,NA,NA,NA,"Medium",NA,NA,NA,NA,NA,NA,NA,NA,NA,NA,NA,NA,"No","No","Yes","Yes","Yes",NA,NA,84.4202795803074,NA,NA,NA,NA,NA,NA,NA,NA,NA,NA,NA,NA,NA,NA,NA,NA,NA,"1-5%",NA,"Sam","{60694c64-2679-4552-8396-372dbbcc3f66}",4582373-04-08 20:00:00,"lcostes",4582373-04-08 20:00:00,"lcostes"
"110","Reedy Creek",2021,"Needs Livestakes",632,NA,NA,NA,"Medium",NA,NA,NA,NA,NA,NA,NA,NA,NA,NA,NA,NA,"No","No","Yes","Yes","Yes",NA,NA,100.087578959703,NA,NA,NA,NA,NA,NA,NA,NA,NA,NA,NA,NA,NA,NA,NA,NA,NA,"1-5%",NA,"Sam","{05548f22-3012-4913-905e-68bc8e01f7b5}",4582373-04-08 20:00:00,"lcostes",4582373-04-08 20:00:00,"lcostes"
"111","Reedy Creek",2021,"Weed Occurrence",36,NA,NA,NA,"Low","Tree Of Heaven","1-5%",NA,NA,NA,NA,NA,NA,NA,NA,NA,NA,"Yes","No","Yes","Yes","Yes",NA,13272.7279663086,762.904763825144,1,2022-06-21 09:00:00,"Tree of Heaven treatment","In House",NA,"Hack and Squirt","Triclopyr","Cut Stump","Triclopyr",NA,NA,2022-06-21 09:00:00,NA,2023-01-05 17:32:57,"lcostes",2023-01-05 17:32:57,"lcostes",NA,NA,"Sam","{625b9c8d-c30c-4938-916e-6a16d7507f83}",2023-01-05 17:32:36,"lcostes",2023-01-05 17:32:36,"lcostes"
"112","Reedy Creek",2021,"Weed Occurrence",248,NA,NA,NA,"Medium","Japanese Knotweed","1-5%",NA,NA,NA,NA,NA,NA,NA,NA,NA,NA,"Partial","No","Yes","Yes","Yes",NA,9494.47943115234,564.059967094635,1,2022-07-13 11:00:00,"Knotweed treatment","In House",NA,"Backpack Spray","Triclopyr",NA,NA,NA,NA,2022-07-13 11:00:00,NA,2023-01-05 17:32:57,"lcostes",2023-01-05 17:32:57,"lcostes",NA,NA,"Sam","{d1937cb2-728b-4159-81e3-35b229c49fa1}",2023-01-05 17:32:36,"lcostes",2023-01-05 17:32:36,"lcostes"
"113","Reedy Creek",2021,"Weed Occurrence",34,NA,NA,NA,"Medium","Japanese Knotweed","6-25%",NA,NA,NA,NA,NA,NA,NA,NA,NA,NA,"Yes","No","Yes","Yes","No",NA,13160.1047973633,556.405500277384,NA,NA,NA,NA,NA,NA,NA,NA,NA,NA,NA,NA,NA,NA,NA,NA,NA,NA,NA,"Sam","{387c6f3e-a517-4955-9ee9-c454d1fa97e4}",4582373-04-23 20:00:00,"lcostes",4582373-04-23 20:00:00,"lcostes"
"114","Reedy Creek",2021,"Weed Occurrence",35,NA,NA,NA,"Low","Kudzu","1-5%",NA,NA,NA,NA,NA,NA,NA,NA,NA,NA,"Yes","Yes","Yes","Yes","Yes",NA,3550.5830078125,438.808373910851,NA,NA,NA,NA,NA,NA,NA,NA,NA,NA,NA,NA,NA,NA,NA,NA,NA,NA,NA,"Sam","{6a3c1ace-e914-43c0-8e54-24b2750040be}",4582373-04-23 20:00:00,"lcostes",4582373-04-23 20:00:00,"lcostes"
"115","Reedy Creek",2021,"Weed Occurrence",37,NA,NA,NA,"Low","Water Primrose","1-5%",NA,NA,NA,NA,NA,NA,NA,NA,NA,NA,"Yes","No","Yes","Yes","Yes",NA,3155.53735351562,360.681659723287,NA,NA,NA,NA,NA,NA,NA,NA,NA,NA,NA,NA,NA,NA,NA,NA,NA,NA,NA,"Sam","{ed9d0435-dd21-4b96-a1a2-3abaad3f9b36}",4582373-04-23 20:00:00,"lcostes",4582373-04-23 20:00:00,"lcostes"
"116","Reedy Creek",2021,"Weed Occurrence",38,NA,NA,NA,"Medium","Water Primrose","1-5%",NA,NA,NA,NA,NA,NA,NA,NA,NA,NA,"Yes","No","Yes","Yes","Yes",NA,9767.52856445312,689.509842986314,NA,NA,NA,NA,NA,NA,NA,NA,NA,NA,NA,NA,NA,NA,NA,NA,NA,NA,NA,"Sam","{84140a43-4d16-4198-879a-444246ff7ffa}",4582373-04-23 20:00:00,"lcostes",4582373-04-23 20:00:00,"lcostes"
"117","Reedy Creek",2021,"Weed Occurrence",39,NA,"Cattail",NA,"Low","OTHER","1-5%",NA,NA,NA,NA,NA,NA,NA,NA,NA,NA,"No","No","Yes","Yes","Yes",NA,2387.66436767578,298.889150404869,NA,NA,NA,NA,NA,NA,NA,NA,NA,NA,NA,NA,NA,NA,NA,NA,NA,NA,NA,"Sam","{584ad79b-e97a-43c3-888e-178f86fde33e}",4582373-04-23 20:00:00,"lcostes",4582373-04-23 20:00:00,"lcostes"
"118","Reedy Creek",2021,"Weed Occurrence",40,NA,NA,NA,"Low","Kudzu","1-5%",NA,NA,NA,NA,NA,NA,NA,NA,NA,NA,"No","No","Yes","Yes","Yes",NA,3102.70092773438,240.780867065727,NA,NA,NA,NA,NA,NA,NA,NA,NA,NA,NA,NA,NA,NA,NA,NA,NA,NA,NA,"Sam","{c1c06eb5-7392-489e-b3aa-7d3e9b46167c}",4582373-04-23 20:00:00,"lcostes",4582373-04-23 20:00:00,"lcostes"
"119","Reedy Creek",2021,"Weed Occurrence",99,NA,NA,NA,"High","Marsh Dewflower","1-5%",NA,NA,NA,NA,NA,NA,NA,NA,NA,NA,"Yes","No","Yes","Yes","Yes",NA,1137.89300537109,145.728810723692,NA,NA,NA,NA,NA,NA,NA,NA,NA,NA,NA,NA,NA,NA,NA,NA,NA,NA,NA,"Sam","{d69c45cb-ddc6-4768-9d71-18171876b381}",4582373-04-23 20:00:00,"lcostes",4582373-04-23 20:00:00,"lcostes"
"120","Reedy Creek",2021,"Weed Occurrence",100,NA,NA,NA,"High","Marsh Dewflower","1-5%",NA,NA,NA,NA,NA,NA,NA,NA,NA,NA,"Yes","No","Yes","Yes","Yes",NA,907.581359863281,127.848373568813,NA,NA,NA,NA,NA,NA,NA,NA,NA,NA,NA,NA,NA,NA,NA,NA,NA,NA,NA,"Sam","{c8fac6f4-0f04-49d9-825e-465d36746fde}",4582373-04-23 20:00:00,"lcostes",4582373-04-23 20:00:00,"lcostes"
"121","Reedy Creek",2021,"Weed Occurrence",101,NA,NA,NA,"High","Marsh Dewflower","6-25%",NA,NA,NA,NA,NA,NA,NA,NA,NA,NA,"Yes","No","Yes","Yes","Yes",NA,432.978271484375,92.1942499257718,NA,NA,NA,NA,NA,NA,NA,NA,NA,NA,NA,NA,NA,NA,NA,NA,NA,NA,NA,"Sam","{c46fd405-ea73-4576-96bc-2340da130637}",4582373-04-23 20:00:00,"lcostes",4582373-04-23 20:00:00,"lcostes"
"122","Reedy Creek",2021,"Weed Occurrence",102,NA,NA,NA,"High","Marsh Dewflower","6-25%",NA,NA,NA,NA,NA,NA,NA,NA,NA,NA,"Yes","No","Yes","Yes","Yes",NA,395.2373046875,96.4802301191496,NA,NA,NA,NA,NA,NA,NA,NA,NA,NA,NA,NA,NA,NA,NA,NA,NA,NA,NA,"Sam","{2519fef9-c090-4846-8506-67c84bf899c7}",4582373-04-23 20:00:00,"lcostes",4582373-04-23 20:00:00,"lcostes"
"123","Reedy Creek",2021,"Weed Occurrence",103,NA,NA,NA,"High","Marsh Dewflower","6-25%",NA,NA,NA,NA,NA,NA,NA,NA,NA,NA,"Yes","No","Yes","Yes","Yes",NA,365.714416503906,80.3839923361296,NA,NA,NA,NA,NA,NA,NA,NA,NA,NA,NA,NA,NA,NA,NA,NA,NA,NA,NA,"Sam","{9c44b647-01db-4f1b-9e10-aef22bd7fb92}",4582373-04-23 20:00:00,"lcostes",4582373-04-23 20:00:00,"lcostes"
"124","Reedy Creek",2021,"Weed Occurrence",104,NA,NA,NA,"High","Marsh Dewflower","26-50%",NA,NA,NA,NA,NA,NA,NA,NA,NA,NA,"No","No","Yes","Yes","Yes",NA,715.522033691406,113.245891526795,NA,NA,NA,NA,NA,NA,NA,NA,NA,NA,NA,NA,NA,NA,NA,NA,NA,NA,NA,"Sam","{f3d6d1c7-b461-49df-9afa-0f1dc0d2f341}",4582373-04-23 20:00:00,"lcostes",4582373-04-23 20:00:00,"lcostes"
"125","Reedy Creek",2021,"Weed Occurrence",221,NA,NA,NA,"Low","Elephant Ear","6-25%",NA,NA,NA,NA,NA,NA,NA,NA,NA,NA,"No","No","Yes","Yes","Yes",NA,3600.39654541016,257.272403513446,NA,NA,NA,NA,NA,NA,NA,NA,NA,NA,NA,NA,NA,NA,NA,NA,NA,NA,NA,"Sam","{ff07bfd5-f353-43d7-bd69-0734223af2d0}",4582373-04-23 20:00:00,"lcostes",4582373-04-23 20:00:00,"lcostes"
"126","Reedy Creek",2021,"Weed Occurrence",249,NA,NA,NA,"Medium","Kudzu","<1%",NA,NA,NA,NA,NA,NA,NA,NA,NA,NA,"Yes","Yes","Yes","Yes","Yes",NA,3373.09289550781,235.404015588249,NA,NA,NA,NA,NA,NA,NA,NA,NA,NA,NA,NA,NA,NA,NA,NA,NA,NA,NA,"Sam","{917bd8fc-baa4-4ed0-9c3f-1e1781ede4e1}",4582373-04-23 20:00:00,"lcostes",4582373-04-23 20:00:00,"lcostes"
"127","Reedy Creek",2021,"Weed Occurrence",250,NA,"Off site source. Monitor to keep off CE line",NA,"High","Kudzu","1-5%",NA,NA,NA,NA,NA,NA,NA,NA,NA,NA,"No","No","Yes","Yes","Yes",NA,10612.8482055664,1006.05831334179,NA,NA,NA,NA,NA,NA,NA,NA,NA,NA,NA,NA,NA,NA,NA,NA,NA,NA,NA,"Sam","{e93c44e8-6156-4b9d-834b-153962047e05}",4582373-04-23 20:00:00,"lcostes",4582373-04-23 20:00:00,"lcostes"
"128","Reedy Creek",2021,"Weed Occurrence",251,NA,NA,NA,"Medium","Johnson Grass","6-25%",NA,NA,NA,NA,NA,NA,NA,NA,NA,NA,"No","No","Yes","Yes","Yes",NA,17172.982421875,552.80900337331,NA,NA,NA,NA,NA,NA,NA,NA,NA,NA,NA,NA,NA,NA,NA,NA,NA,NA,NA,"Sam","{f36a5285-a614-40f0-9fbc-78e6566d5681}",4582373-04-23 20:00:00,"lcostes",4582373-04-23 20:00:00,"lcostes"
"129","Reedy Creek",2021,"Weed Occurrence",252,NA,NA,NA,"Low","Chinese Privet","6-25%",NA,NA,NA,NA,NA,NA,NA,NA,NA,NA,"No","No","Yes","Yes","Yes",NA,18699.6953735352,578.95047773381,NA,NA,NA,NA,NA,NA,NA,NA,NA,NA,NA,NA,NA,NA,NA,NA,NA,NA,NA,"Sam","{ec9ee97e-5ced-4584-8c45-aedf3002af3a}",4582373-04-23 20:00:00,"lcostes",4582373-04-23 20:00:00,"lcostes"
"130","Reedy Creek",2021,"Weed Occurrence",253,NA,NA,NA,"Low","Chinese Privet","6-25%",NA,NA,NA,NA,NA,NA,NA,NA,NA,NA,"No","No","Yes","Yes","Yes",NA,8159.21984863281,638.625542187869,NA,NA,NA,NA,NA,NA,NA,NA,NA,NA,NA,NA,NA,NA,NA,NA,NA,NA,NA,"Sam","{174f5cfe-51fb-4dbf-b692-b3c956a52581}",4582373-04-23 20:00:00,"lcostes",4582373-04-23 20:00:00,"lcostes"
"131","Reedy Creek",2021,"Weed Occurrence",545,NA,NA,NA,"Low","Chinese Privet","1-5%",NA,NA,NA,NA,NA,NA,NA,NA,NA,NA,"No","No","Yes","Yes","Yes",NA,1898.47930908203,207.4157866346,NA,NA,NA,NA,NA,NA,NA,NA,NA,NA,NA,NA,NA,NA,NA,NA,NA,NA,NA,"Sam","{0fadb8dd-0d2f-4599-80fe-560c00c7d95a}",4582373-04-23 20:00:00,"lcostes",4582373-04-23 20:00:00,"lcostes"
"132","Reedy Creek",2021,"Weed Occurrence",140,NA,NA,NA,"Low","Autumn Olive","1-5%",NA,NA,NA,NA,NA,NA,NA,NA,NA,NA,"Yes","Yes","No","Yes","Yes",NA,NA,NA,NA,NA,NA,NA,NA,NA,NA,NA,NA,NA,NA,NA,NA,NA,NA,NA,NA,NA,NA,"Sam","{1ebddb3e-b534-4525-b394-8a03045080a4}",4582373-03-18 20:00:00,"lcostes",4582373-03-18 20:00:00,"lcostes"
"133","Reedy Creek",2021,"Weed Occurrence",141,NA,NA,NA,"Low","Chinese Privet","1-5%",NA,NA,NA,NA,NA,NA,NA,NA,NA,NA,"No","No","Yes","Yes","Yes",NA,NA,NA,NA,NA,NA,NA,NA,NA,NA,NA,NA,NA,NA,NA,NA,NA,NA,NA,NA,NA,NA,"Sam","{55f98c87-d4cd-4336-b5d4-41de3c75b15f}",4582373-03-18 20:00:00,"lcostes",4582373-03-18 20:00:00,"lcostes"
"134","Reedy Creek",2021,"Weed Occurrence",142,NA,"Cattails in stream ",NA,"Low","OTHER","1-5%",NA,NA,NA,NA,NA,NA,NA,NA,NA,NA,"No","No","Yes","Yes","Yes",NA,NA,NA,NA,NA,NA,NA,NA,NA,NA,NA,NA,NA,NA,NA,NA,NA,NA,NA,NA,NA,NA,"Sam","{0d2bea67-51cc-42e9-9a07-cec2a52c9e6b}",4582373-03-18 20:00:00,"lcostes",4582373-03-18 20:00:00,"lcostes"
"135","Reedy Creek",2021,"Weed Occurrence",143,NA,NA,NA,"High","Kudzu","1-5%",NA,NA,NA,NA,NA,NA,NA,NA,NA,NA,"No","No","Yes","Yes","Yes",NA,NA,NA,NA,NA,NA,NA,NA,NA,NA,NA,NA,NA,NA,NA,NA,NA,NA,NA,NA,NA,NA,"Sam","{39b710c0-5879-44ea-8df6-6a9db4fcc8b7}",4582373-03-18 20:00:00,"lcostes",4582373-03-18 20:00:00,"lcostes"
"136","Reedy Creek",2021,"Weed Occurrence",223,NA,NA,NA,"High","Kudzu","1-5%",NA,NA,NA,NA,NA,NA,NA,NA,NA,NA,"No","No","Yes","Yes","Yes",NA,NA,NA,NA,NA,NA,NA,NA,NA,NA,NA,NA,NA,NA,NA,NA,NA,NA,NA,NA,NA,NA,"Sam","{9d2fe443-7c9a-4ee2-9706-affca5d6505e}",4582373-03-18 20:00:00,"lcostes",4582373-03-18 20:00:00,"lcostes"
"137","Reedy Creek",2021,"Weed Occurrence",298,NA,NA,NA,"Medium","Chinese Privet","1-5%",NA,NA,NA,NA,NA,NA,NA,NA,NA,NA,"No","No","Yes","Yes","Yes",NA,NA,NA,NA,NA,NA,NA,NA,NA,NA,NA,NA,NA,NA,NA,NA,NA,NA,NA,NA,NA,NA,"Sam","{2a806366-f07a-4065-aeb2-c3ef8a0d478d}",4582373-03-18 20:00:00,"lcostes",4582373-03-18 20:00:00,"lcostes"
"138","Reedy Creek",2021,"Weed Occurrence",299,NA,NA,NA,"Medium","Chinese Privet","1-5%",NA,NA,NA,NA,NA,NA,NA,NA,NA,NA,"No","No","Yes","Yes","Yes",NA,NA,NA,NA,NA,NA,NA,NA,NA,NA,NA,NA,NA,NA,NA,NA,NA,NA,NA,NA,NA,NA,"Sam","{3595dffa-ec55-4fc5-86cb-a654574de592}",4582373-03-18 20:00:00,"lcostes",4582373-03-18 20:00:00,"lcostes"
"139","Reedy Creek",2021,"Weed Occurrence",301,NA,NA,NA,"Low","Autumn Olive","1-5%",NA,NA,NA,NA,NA,NA,NA,NA,NA,NA,"No","No","Yes","Yes","Yes",NA,NA,NA,NA,NA,NA,NA,NA,NA,NA,NA,NA,NA,NA,NA,NA,NA,NA,NA,NA,NA,NA,"Sam","{e773ea96-5e21-4c17-bc52-923088d720c3}",4582373-03-18 20:00:00,"lcostes",4582373-03-18 20:00:00,"lcostes"
